{"cameraMode":{"drawMode":0,"name":"Shaded","section":"Shading Mode"},"sceneLighting":false,"audioPlay":false,"sceneViewState":{"m_AlwaysRefresh":false,"showFog":true,"showSkybox":false,"showFlares":true,"showImageEffects":true,"showParticleSystems":true,"showVisualEffectGraphs":true,"m_FxEnabled":true},"in2DMode":false,"pivot":{"x":0.8908677101135254,"y":0.9546149969100952,"z":-2.3889918327331545},"rotation":{"x":-0.20045247673988343,"y":0.26472675800323489,"z":-0.05572730302810669,"w":-0.9425605535507202},"size":0.6227520108222961,"orthographic":false}