{"cameraMode":{"drawMode":0,"name":"Shaded","section":"Shading Mode"},"sceneLighting":false,"audioPlay":false,"sceneViewState":{"m_AlwaysRefresh":false,"showFog":true,"showSkybox":false,"showFlares":true,"showImageEffects":true,"showParticleSystems":true,"showVisualEffectGraphs":true,"m_FxEnabled":true},"in2DMode":false,"pivot":{"x":-2.1596145629882814,"y":2.5959630012512209,"z":-0.07003894448280335},"rotation":{"x":0.2213256061077118,"y":0.6296020150184631,"z":-0.18180130422115327,"w":0.7250404953956604},"size":1.4536592960357667,"orthographic":false}